row_index,split
289,train
92,train
135,train
43,train
306,train
146,train
128,train
313,train
297,train
86,train
16,train
120,train
187,train
151,train
149,train
145,train
67,train
65,train
210,train
169,train
114,train
0,train
133,train
158,train
298,train
250,train
307,train
109,train
343,train
348,train
175,train
258,train
216,train
204,train
117,train
138,train
52,train
60,train
310,train
212,train
144,train
28,train
330,train
226,train
167,train
329,train
269,train
165,train
49,train
271,train
59,train
270,train
186,train
260,train
85,train
137,train
160,train
272,train
259,train
308,train
50,train
154,train
123,train
164,train
71,train
339,train
349,train
177,train
321,train
288,train
11,train
96,train
323,train
244,train
150,train
51,train
225,train
275,train
27,train
207,train
191,train
242,train
356,train
69,train
100,train
183,train
91,train
309,train
112,train
141,train
192,train
326,train
342,train
200,train
103,train
53,train
122,train
8,train
316,train
203,train
334,train
44,train
201,train
70,train
153,train
302,train
318,train
230,train
284,train
241,train
317,train
107,train
24,train
20,train
261,train
4,train
282,train
189,train
180,train
293,train
161,train
172,train
173,train
299,train
12,train
156,train
320,train
279,train
152,train
106,train
54,train
101,train
280,train
255,train
115,train
155,train
324,train
314,train
213,train
190,train
247,train
238,train
296,train
286,train
214,train
13,train
181,train
350,train
163,train
18,train
14,train
221,train
19,train
198,train
205,train
170,train
227,train
264,train
34,train
68,train
337,train
290,train
304,train
219,train
336,train
332,train
273,train
252,train
62,train
95,train
295,train
266,train
47,train
347,train
75,train
231,train
262,train
29,train
333,train
134,train
38,train
31,train
178,train
194,train
64,train
352,train
235,train
66,train
26,train
162,train
21,train
228,train
199,train
37,train
340,train
176,train
125,train
132,train
88,train
312,train
341,train
315,train
74,train
267,train
41,train
193,train
188,train
83,train
48,train
105,train
99,train
319,train
10,train
166,train
249,train
36,train
246,train
61,train
98,train
206,train
111,train
118,train
263,train
174,train
110,train
268,train
32,train
58,train
159,train
127,train
35,train
253,train
285,train
236,train
2,train
102,train
256,train
215,train
239,train
196,train
130,train
129,train
7,validation
243,validation
131,validation
327,validation
237,validation
80,validation
276,validation
136,validation
79,validation
217,validation
104,validation
257,validation
328,validation
278,validation
351,validation
325,validation
1,validation
184,validation
142,validation
223,validation
232,validation
6,validation
202,validation
251,validation
168,validation
301,validation
143,validation
121,validation
87,validation
179,validation
354,validation
233,validation
89,validation
211,validation
97,validation
40,validation
81,validation
23,validation
305,validation
171,validation
311,validation
283,validation
17,validation
222,test
42,test
291,test
300,test
56,test
335,test
15,test
57,test
245,test
124,test
82,test
338,test
208,test
274,test
119,test
126,test
294,test
292,test
139,test
353,test
140,test
220,test
240,test
33,test
182,test
218,test
147,test
322,test
25,test
73,test
265,test
9,test
344,test
148,test
113,test
39,test
22,test
355,test
94,test
90,test
331,test
30,test
303,test
108,test
157,test
229,test
55,test
5,test
45,test
224,test
277,test
234,test
287,test
78,test
346,test
185,test
3,test
116,test
76,test
248,test
63,test
46,test
209,test
77,test
72,test
84,test
345,test
197,test
254,test
93,test
281,test
195,test
