ID,Language,Domain,Original,Simplified,LMP,Predicted_LMP,Absolute_Error,Legal_Error_Type,Legal_Impact,Reviewer_Explanation
hi_tos_001,hi,tos_privacy,"उन नियमों का वर्णन करता है, जिनसे आप हमारी सेवाओं का उपयोग करते समय सहमत होते हैं.",उपयोग करते समय सहमत होने वाले नियमों का वर्णन करता है.,5.0,9.1,4.100000381469727,Scope/detail omission,Low to moderate,The explicit reference to using the services is omitted.
hi_tos_062,hi,tos_privacy,"हमसे जुड़ी निजी जानकारी को उस स्थिति में सेव करके रख सकते हैं, अगर हमें लगता है कि यह, धोखाधड़ी या भविष्य में गलत इस्तेमाल को रोकने के लिए ज़रूरी है या किसी कानूनी/नियामक कार्यवाही को अधूरी रहने या उस बारे में कोई कानूनी और/या नियामक निर्देश मिलने की स्थिति में कानून के हिसाब से ज़रूरी हो।","हमसे जुड़ी निजी जानकारी को रख सकते हैं, यदि धोखाधड़ी रोकने या कानूनी कार्यवाही को अधूरा नहीं रहने के लिए ज़रूरी हो।",5.0,8.99,3.989999771118164,Condition/purpose omission,High,Future misuse prevention and some legal or regulatory circumstances are omitted.
en_rental_046,en,rental,The Landlord may rel et the Premises or any part of the Premises for a term or terms which may be less or greater than the balance of the Term remaining and may grant reasonable concessions in connection with such reletting including any alterations and improvements to the Premises.,"The Landlord may sublet the Premises or part of the Premises for a term less or greater than the remaining Term and may offer reasonable concessions, including alterations and improvements to the Premises.",4.0,7.93,3.929999828338623,Potential terminology change,Needs legal review,Relet and sublet may not be legally equivalent in this lease context.
en_rental_057,en,rental,"Within 30 days of the termination of this lease (and Tenant vacating the Property), Landlord will provide the Tenants with an itemized statement showing any retention of any portions of the Security Deposit amount for the cost of repair or cleaning above and beyond the ordinary wear and tear on the Property or any other sums due to Landlord under this Residential Lease Agreement.","Within 30 days after the lease ends and Tenant moves out, Landlord will give Tenants a list showing any part of the Security Deposit kept for repairs or cleaning beyond normal wear and tear or other amounts owed under this agreement.",4.0,7.61,3.6100001335144043,Condition/detail omission,Moderate,The explicit tenant-vacating condition and some itemization detail are omitted.
en_rental_035,en,rental,It is the intent of this Lease and agreed to by the Parties to this Lease that rent for this Lease will be on a gross rent basis meaning the Tenant will pay the Base Rent and any Additional Rent and the Landlord will be responsible for all other service charges related to the Premises and the operation of the Building save as specifically provided in this Lease to the contrary.,"It is agreed that the Tenant will pay the Base Rent and any Additional Rent, and the Landlord will cover all other service charges related to the Premises and the Building, except as specifically stated otherwise in this Lease.",4.0,7.6,3.5999999046325684,No material change apparent,Low,The gross-rent arrangement and exception are substantially retained.
en_rental_038,en,rental,"Should the Tenant remain in possession of the Premises with the consent of the Landlord after the natural expiration of this Lease, a new tenancy from month to month will be created between the Landlord and the Tenant which will be subject to all the terms and conditions of this Lease but will be terminable upon either party giving one month's notice to the other party.","If the Tenant stays in the Premises with the Landlord's permission after the lease ends, a month-to-month tenancy will be created. This tenancy will follow all the terms of the original lease and can be ended by either party giving one month's notice.",4.0,7.34,3.3400001525878906,No material change apparent,Low,"The tenancy type, original terms, and one-month notice are retained."
hi_tos_076,hi,tos_privacy,PhonePe को आपकी पहचान की पुष्टि करने और प्रमाणीकरण सुनिश्चित करने के लिए आपसे विशिष्ट जानकारी का अनुरोध करने की जरुरत हो सकती है।,PhonePe आपसे विशिष्ट जानकारी का अनुरोध कर सकता है जिससे आपकी पहचान की पुष्टि और प्रमाणीकरण की जा सके।,6.0,9.13,3.130000114440918,No material change apparent,Low,Identity verification and authentication purposes are retained.
hi_tos_061,hi,tos_privacy,"हम व्यक्तिगत जानकारी को भारत के भीतर संग्रहीत करते हैं और इसे लागू कानूनों के अनुसार और उस अवधि के लिए बनाए रखते हैं, जो उस उद्देश्य के लिए आवश्यक नहीं है जिसके लिए इसे एकत्र किया गया था।",हम भारत में व्यक्तिगत जानकारी को संग्रहीत करते हैं और उसे लागू कानूनों के अनुसार बनाए रखते हैं।,6.0,9.12,3.119999885559082,Retention-period omission,High,The purpose-based limit on the retention period is omitted.
en_tos_117,en,tos_privacy,"To use less information that's connected to individual users, in some cases we de-identify or aggregate information or anonymise it so that it no longer identifies you.","To use less personal information, we sometimes remove identifying details or combine it with other data.",5.0,8.11,3.109999656677246,Technical-detail omission,Moderate,Anonymisation and the explicit non-identifiability outcome are omitted.
hi_rental_047,hi,rental,अचल संपति को किराये पर देने की बाबत किसी प्रकार की कोई रूकावट किसी विभाग या किसी न्यायालय की नहीं है।,अचल संपत्ति को किराये पर देने की कोई रूकावट नहीं है।,6.0,9.09,3.0900001525878906,Authority/scope omission,Moderate,The explicit reference to departments and courts is omitted.
hi_tos_018,hi,tos_privacy,दूसरों को या खुद को नुकसान न पहुंचाना या दूसरों के साथ या अपने साथ बुरा बर्ताव न करना (या न तो ऐसे नुकसान या बुरे बर्ताव की धमकी देना या इन्हें बढ़ावा देना).,दूसरों को या खुद को नुकसान न पहुंचाना और बुरा बर्ताव न करना।,6.0,9.09,3.0900001525878906,Threat/encouragement omission,Moderate,Threatening or encouraging harmful conduct is omitted.
hi_tos_029,hi,tos_privacy,आपकी सामग्री के आधार पर उसमें बदलाव करना या उसे दूसरा रूप देना. जैसे कि आपकी सामग्री का फ़ॉर्मैट बदलना या अनुवाद करना,आपकी सामग्री के आधार पर उसे बदलना या अनुवाद करना.,6.0,9.08,3.0799999237060547,Example/detail omission,Low,The example of changing content format is omitted.
hi_tos_034,hi,tos_privacy,"अगर आप हमें कोई सुझाव देने का विकल्प चुनते हैं, तो हम आपको जवाब दिए बिना इन सुझावों पर कार्रवाई कर सकते हैं. जैसे कि हमारी सेवाओं को बेहतर बनाने के लिए मिले आपके सुझाव.","अगर आप हमें सुझाव देने का विकल्प देते हैं, तो हम आपके सुझाव पर कार्रवाई कर सकते हैं.",6.0,9.05,3.0500001907348633,Response-condition omission,Moderate,The ability to act without replying to the suggestion is omitted.
en_tos_144,en,tos_privacy,Only the information necessary to comply with the relevant legal obligation will be shared or otherwise processed.,Only necessary information will be shared or processed to comply with legal obligations.,6.0,8.98,2.979999542236328,Mostly preserved,Low,"The legal-obligation limitation is retained, although relevant is omitted."
en_tos_126,en,tos_privacy,"In some instances and for specific reasons, we'll keep information for an extended period of time.",We will keep information for a longer time in some cases for specific reasons.,6.0,8.84,2.8400001525878906,No material change apparent,Low,The core meaning is retained.
